{
    "status":"0",
    "data":{
        "header":[{
            "logoUrl":"./img/logo.png",
            "navList":[{
                "id":"home",
                "link":"index.html",
                "title":"首页"
            },{
                "id":"aboutus",
                "link":"aboutus.html",
                "title":"关于我们"
            },{
                "id":"privacy",
                "link":"privacyInfo.html",
                "title":"隐私声明"
            }]
        }],
        "vList":[{
            "name":"预约报修，随时处理",
            "desc":"",
            "imgUrl":"./img/db2.png"
        },{
            "name":"图表展示，高效分析",
            "desc":"",
            "imgUrl":"./img/db3.png"
        },{
            "name":"品质服务，数据保障",
            "desc":"",
            "imgUrl":"./img/db1.png"
        }],
        "markImg":[
            "./img/ios_code.png","./img/android_code.png"
        ],
        "footdata":{
            "baId":["粤ICP备17096796号-1","粤ICP备17096796号-3","粤ICP备17096796号-4","粤ICP备17061941号"],
            "info":{
                "src":"./img/pub_code.jpg",
                "phone":"0755-26924103"
            },
            "linklist":[{
                "id":"about",
                "linkarr":[{"title":"","link":""}]
            },{
                "id":"info",
                "linkarr":[]
            },{
                "id":"service",
                "linkarr":[]
            }]
        }
    }
}